{
    "Jaccard Key Similarity": 0.0,
    "Cosine Value Similarity": 0.692284675382425,
    "Overall Similarity Score": 0.3461423376912125
}