{
    "Jaccard Key Similarity": 0.0,
    "Cosine Value Similarity": 0.7086660023649446,
    "Overall Similarity Score": 0.3543330011824723
}