{
    "Jaccard Key Similarity": 0.0,
    "Cosine Value Similarity": 0.7190783533642473,
    "Overall Similarity Score": 0.35953917668212365
}