{
    "Jaccard Key Similarity": 0.0,
    "Cosine Value Similarity": 0.7916931058863415,
    "Overall Similarity Score": 0.3958465529431707
}